,fraction maximum yield,number of heterologous reactions,0,1,2,3,4,5,6,7,8,9
0,0.1,1,1 (9Z)-Octadecenoic acid <=> 1 Linoleate,,,,,,,,,
1,0.5377358490566037,1,1 (9Z)-Octadecenoic acid + 1 Oxygen <=> 2 H2O + 1 Linoleate,,,,,,,,,
2,0.1,2,1 Olealdehyde + 1 H2O + 1 NADP+ <=> 1 NADPH + 1 Linoleate,1 Olealdehyde + 1 H2O + 1 NAD+ <=> 1 NADH + 1 Octadecanoic acid,,,,,,,,
3,0.10282776349614396,2,1 Olealdehyde + 1 H2O + 1 NADP+ <=> 1 NADPH + 1 Octadecanoic acid,1 Olealdehyde + 1 H2O + 1 NAD+ <=> 1 NADH + 1 Linoleate,,,,,,,,
4,0.2819457339678865,2,1 Olealdehyde + 1 H2O + 1 NADP+ <=> 1 NADPH + 1 Linoleate,1 Olealdehyde + 1 H2O + 1 NAD+ <=> 1 NADH + 1 (9Z)-Octadecenoic acid,,,,,,,,
5,0.12016021361815747,2,1 Olealdehyde + 1 H2O + 1 NADP+ <=> 1 NADPH + 1 Octadecanoic acid,1 Olealdehyde + 1 H2O + 1 NAD+ <=> 1 NADH + 4 H+ + 1 Linoleate,,,,,,,,
6,0.1731864108934617,2,1 Olealdehyde + 1 H2O + 1 NAD+ <=> 1 NADH + 4 H+ + 1 Linoleate,1 Olealdehyde + 1 H2O + 1 NAD+ <=> 1 NADH + 1 Octadecanoic acid,,,,,,,,
7,0.10386612810155797,2,1 Olealdehyde + 1 H2O + 1 NAD+ <=> 1 NADH + 1 Octadecanoic acid,1 Olealdehyde + 1 H2O + 1 NAD+ <=> 1 NADH + 1 Linoleate,,,,,,,,
8,0.10341855788566502,2,1 Olealdehyde + 1 H2O + 1 NADP+ <=> 1 NADPH + 1 Octadecanoic acid,1 Olealdehyde + 1 H2O + 1 NADP+ <=> 1 NADPH + 1 Linoleate,,,,,,,,
9,0.1,2,1 Olealdehyde + 1 H2O + 1 NADP+ <=> 1 NADPH + 1 (9Z)-Octadecenoic acid,1 Olealdehyde + 1 H2O + 1 NAD+ <=> 1 NADH + 4 H+ + 1 Linoleate,,,,,,,,
0,0.5,1,1 (9Z)-Octadecenoic acid <=> 1 Linoleate,,,,,,,,,
1,0.5,1,1 (9Z)-Octadecenoic acid + 1 Oxygen <=> 2 H2O + 1 Linoleate,,,,,,,,,
2,0.5351473212883421,2,1 Olealdehyde + 1 H2O + 1 NADP+ <=> 1 NADPH + 1 Octadecanoic acid,1 Olealdehyde + 1 H2O + 1 NAD+ <=> 1 NADH + 1 Linoleate,,,,,,,,
3,0.5,2,1 Olealdehyde + 1 H2O + 1 NADP+ <=> 1 NADPH + 1 Linoleate,1 Olealdehyde + 1 H2O + 1 NAD+ <=> 1 NADH + 1 Octadecanoic acid,,,,,,,,
4,0.5,2,1 Olealdehyde + 1 H2O + 1 NAD+ <=> 1 NADH + 4 H+ + 1 Linoleate,1 Olealdehyde + 1 H2O + 1 NAD+ <=> 1 NADH + 1 Octadecanoic acid,,,,,,,,
5,0.5449328441016483,2,1 Olealdehyde + 1 H2O + 1 NADP+ <=> 1 NADPH + 1 Linoleate,1 Olealdehyde + 1 H2O + 1 NAD+ <=> 1 NADH + 1 (9Z)-Octadecenoic acid,,,,,,,,
6,0.5480769230769241,2,1 Olealdehyde + 1 H2O + 1 NADP+ <=> 1 NADPH + 1 Octadecanoic acid,1 Olealdehyde + 1 H2O + 1 NADP+ <=> 1 NADPH + 1 Linoleate,,,,,,,,
7,0.5,2,1 Olealdehyde + 1 H2O + 1 NAD+ <=> 1 NADH + 1 Octadecanoic acid,1 Olealdehyde + 1 H2O + 1 NAD+ <=> 1 NADH + 1 Linoleate,,,,,,,,
8,0.5,2,1 Olealdehyde + 1 H2O + 1 NADP+ <=> 1 NADPH + 1 Octadecanoic acid,1 Olealdehyde + 1 H2O + 1 NAD+ <=> 1 NADH + 4 H+ + 1 Linoleate,,,,,,,,
9,0.5,2,1 Olealdehyde + 1 H2O + 1 NADP+ <=> 1 NADPH + 1 (9Z)-Octadecenoic acid,1 Olealdehyde + 1 H2O + 1 NAD+ <=> 1 NADH + 1 Linoleate,,,,,,,,
0,1.0,4,"1 2-Oxoglutarate + 1 Acetyl-CoA <=> 1 CoA + 1 H+ + 1 (Z)-But-1-ene-1,2,4-tricarboxylate",6 Glycolate <=> 2 CO2 + 1 Acetate + 2 Succinate + 4 H2O,"1 (Z)-But-1-ene-1,2,4-tricarboxylate + 1 Oxygen <=> 1 2-Oxoglutarate + 1 Glyoxylate",1 (9Z)-Octadecenoic acid <=> 1 Linoleate,,,,,,
1,1.0,4,1 Octadecanoic acid + 8 H2O + 8 FAD + 9 CoA + 8 NAD+ + 1 ATP <=> 8 NADH + 1 Diphosphate + 1 AMP + 9 Acetyl-CoA + 1 H+ + 8 FADH2,1 H+ + 1 Glyoxylate + 1 2-Oxoglutarate <=> 1 CO2 + 1 2-Hydroxy-3-oxoadipate,1 2-Hydroxy-3-oxoadipate + 1 Oxygen <=> 1 CO2 + 1 2-Oxoglutarate + 1 H2O,1 (9Z)-Octadecenoic acid <=> 1 Linoleate,,,,,,
2,1.0,4,"1 Liquiritigenin + 1 2-Oxoglutarate + 1 Oxygen <=> 1 CO2 + 1 Succinate + 1 H2O + 1 7,4'-Dihydroxyflavone",2 H2O + 1 Acetyl-CoA <=> 1 CoA + 1 Glyoxylate + 5 H+,"1 Liquiritigenin <=> 3 H+ + 1 7,4'-Dihydroxyflavone",1 (9Z)-Octadecenoic acid <=> 1 Linoleate,,,,,,
3,1.0,4,"1 Liquiritigenin + 1 2-Oxoglutarate + 1 Oxygen <=> 1 CO2 + 1 Succinate + 1 H2O + 1 7,4'-Dihydroxyflavone",1 (9Z)-Octadecenoic acid + 1 Oxygen <=> 2 H2O + 1 Linoleate,2 H2O + 1 Acetyl-CoA <=> 1 CoA + 1 Glyoxylate + 5 H+,"1 Liquiritigenin <=> 3 H+ + 1 7,4'-Dihydroxyflavone",,,,,,
4,1.0,4,2 H2O + 1 Acetyl-CoA <=> 1 CoA + 1 Glyoxylate + 5 H+,1 H2O + 1 L-Threonine + 1 NAD+ <=> 1 NADH + 1 Acetate + 1 Glycine,6 Glycolate <=> 2 CO2 + 1 Acetate + 2 Succinate + 4 H2O,1 (9Z)-Octadecenoic acid <=> 1 Linoleate,,,,,,
5,1.0,4,1 Indolepyruvate + 1 H+ + 1 Oxygen + 1 NADPH <=> 1 NADP+ + 1 CO2 + 1 Indole-3-acetate + 1 H2O,1 myo-Inositol + 6 ATP <=> 6 ADP + 6 H+ + 1 Phytic acid,6 H2O + 1 Phytic acid <=> 6 Orthophosphate + 1 myo-Inositol,1 (9Z)-Octadecenoic acid <=> 1 Linoleate,,,,,,
6,1.0,4,"1 Dihydrokaempferol + 1 NADPH <=> 1 NADP+ + 1 cis-3,4-Leucopelargonidin","1 cis-3,4-Leucopelargonidin + 1 2-Oxoglutarate + 1 Oxygen <=> 1 CO2 + 1 Succinate + 1 Dihydrokaempferol + 1 H2O",6 FADH2 + 7 Acetyl-CoA + 6 NADH <=> 6 NAD+ + 6 CoA + 6 H2O + 1 Tetradecanoyl-CoA + 6 FAD,1 (9Z)-Octadecenoic acid <=> 1 Linoleate,,,,,,
7,1.0,4,1 Indolepyruvate + 1 H+ + 1 Oxygen + 1 NADPH <=> 1 NADP+ + 1 CO2 + 1 Indole-3-acetate + 1 H2O,1 D-Glycerate + 1 ATP <=> 1 ADP + 1 H+ + 1 3-Phospho-D-glycerate,1 Hydrogen sulfide + 1 L-Serine + 1 Acetyl-CoA <=> 1 CoA + 1 Acetate + 1 L-Cysteine,1 (9Z)-Octadecenoic acid <=> 1 Linoleate,,,,,,
8,1.0,4,1 Octadecanoic acid + 8 H2O + 8 FAD + 9 CoA + 8 NAD+ + 1 ATP <=> 8 NADH + 1 Diphosphate + 1 AMP + 9 Acetyl-CoA + 1 H+ + 8 FADH2,1 (9Z)-Octadecenoic acid + 1 Oxygen <=> 2 H2O + 1 Linoleate,1 H+ + 1 Glyoxylate + 1 2-Oxoglutarate <=> 1 CO2 + 1 2-Hydroxy-3-oxoadipate,1 2-Hydroxy-3-oxoadipate + 1 Oxygen <=> 1 CO2 + 1 2-Oxoglutarate + 1 H2O,,,,,,
9,1.0,4,1 Octadecanoic acid + 8 H2O + 8 FAD + 9 CoA + 8 NAD+ + 1 ATP <=> 8 NADH + 1 Diphosphate + 1 AMP + 9 Acetyl-CoA + 1 H+ + 8 FADH2,1 (9Z)-Octadecenoic acid + 1 Oxygen <=> 2 H2O + 1 Linoleate,1 2-Hydroxy-3-oxoadipate + 1 CO2 <=> 1 2-Oxoglutarate + 1 Glyoxylate,1 2-Hydroxy-3-oxoadipate + 1 Oxygen <=> 1 CO2 + 1 2-Oxoglutarate + 1 H2O,,,,,,
