,rel_prod_flux,hetero_length,reactions
0,0.3333333333333333,4,"['reaction_3056', 'reaction_3128', 'reaction_3353', 'reaction_5603']"
1,0.3333333333333333,4,"['reaction_1378', 'reaction_3775', 'reaction_4329', 'reaction_5603']"
2,0.3333333333333333,4,"['reaction_2142', 'reaction_2456', 'reaction_5502', 'reaction_5603']"
3,0.3333333333333333,4,"['reaction_2142', 'reaction_2145', 'reaction_2456', 'reaction_5502']"
4,0.3333333333333333,4,"['reaction_2456', 'reaction_2901', 'reaction_3128', 'reaction_5603']"
5,0.3333333333333333,4,"['reaction_455', 'reaction_1062', 'reaction_1621', 'reaction_5603']"
6,0.3333333333333333,4,"['reaction_473', 'reaction_1956', 'reaction_2574', 'reaction_5603']"
7,0.3333333333333333,4,"['reaction_455', 'reaction_990', 'reaction_3057', 'reaction_5603']"
8,0.3333333333333333,4,"['reaction_1378', 'reaction_2145', 'reaction_3775', 'reaction_4329']"
9,0.3333333333333333,4,"['reaction_1378', 'reaction_2145', 'reaction_4222', 'reaction_4329']"
