,LCSBID
r_0001,2070035073
r_0002,2070035073
r_0003,2592805925
r_0004,2070035073
r_0005,
r_0006,2786251254
r_0007,1569701579
r_0012,2592793244
r_0013,1569921523
r_0014,2774385881
r_0015,1569740901
r_0016,1569817235
r_0017,1569930608
r_0018,1569675823
r_0019,2592807018
r_0020,1569674747
r_0021,
r_0022,1569704931
r_0023,1569695104
r_0024,1569820126
r_0025,1569820126
r_0026,2592843064
r_0027,1569690296
r_0028,1569820256
r_0029,1569839635
r_0030,1569839635
r_0032,1569657386
r_0033,1569915034
r_0034,1569951592
r_0035,1569951579
r_0036,1569904803
r_0037,1569951566
r_0038,1569910781
r_0039,1569686840
r_0040,2592811906
r_0041,2592811029
r_0042,1569674747
r_0043,1569912012
r_0044,1569877661
r_0045,1569839697
r_0057,2594265227
r_0058,1569682983
r_0059,
r_0060,1569695479
r_0061,2592821674
r_0062,1569892701
r_0063,1569668527
r_0064,1569911852
r_0065,2592814750
r_0066,1569673753
r_0067,1569820917
r_0068,1569673027
r_0069,1569705577
r_0070,1569808955
r_0072,1569892714
r_0073,1570013157
r_0074,
r_0075,
r_0076,1569660561
r_0077,1569667404
r_0078,2592795401
r_0079,1570000540
r_0080,2592797477
r_0081,1569812756
r_0082,1570013157
r_0083,1570017370
r_0084,1569803918
r_0085,2592821565
r_0086,1569724226
r_0087,1569699333
r_0088,
r_0089,
r_0090,2774342831
r_0091,1569811526
r_0092,1570013157
r_0093,
r_0094,1569913517
r_0095,2592970804
r_0096,2592811709
r_0097,1569803102
r_0099,1569672768
r_0100,1569817199
r_0101,2070051307
r_0102,1569695363
r_0103,1569657972
r_0104,1569657972
r_0105,1569694143
r_0106,1569693478
r_0107,1569702654
r_0108,1569806350
r_0109,1569806350
r_0111,1569823892
r_0112,1570014907
r_0113,1570014907
r_0114,1570014907
r_0115,1569682820
r_0116,1569661044
r_0117,2774319750
r_0118,1569679035
r_0119,1569913569
r_0120,1558579516
r_0121,1569868729
r_0122,1570027756
r_0123,1569817334
r_0124,1569865164
r_0125,1569817306
r_0126,2735674743
r_0127,2592967021
r_0128,2735663414
r_0129,1558625094
r_0130,2735668561
r_0131,1557683165
r_0132,1557519135
r_0133,1557685567
r_0134,2735680808
r_0135,2735668283
r_0137,
r_0138,1569836947
r_0139,1569657424
r_0140,1569838537
r_0142,1569803424
r_0143,1569817530
r_0144,1569657455
r_0145,
r_0146,
r_0147,
r_0148,1570015854
r_0149,1570015854
r_0150,1570030695
r_0151,
r_0152,1569667008
r_0153,1569913902
r_0154,1569906191
r_0155,2774406211
r_0156,1569659296
r_0157,
r_0158,2683049632
r_0159,1570017945
r_0160,1570031248
r_0161,2683043198
r_0162,1570031223
r_0163,2592793753
r_0164,2592796052
r_0165,2592793753
r_0166,1569914391
r_0167,1569914391
r_0168,1569914407
r_0169,2592808234
r_0170,2592808234
r_0171,2592962911
r_0172,2592794906
r_0173,2592793325
r_0174,2592793303
r_0175,2592793325
r_0176,2592808705
r_0177,2593059395
r_0178,2593059395
r_0179,2592830932
r_0180,2592830932
r_0181,2592830949
r_0182,2603004841
r_0183,2603004841
r_0184,2603006800
r_0185,2592807568
r_0186,2592808724
r_0187,2592808724
r_0188,1569908102
r_0189,1569680457
r_0190,1569822954
r_0191,1569828409
r_0192,
r_0193,2592787236
r_0194,2592787236
r_0195,1569664314
r_0198,1569667232
r_0199,2849802493
r_0200,2677000731
r_0201,2592807698
r_0202,1570029203
r_0203,1569832204
r_0204,2592788118
r_0205,2592799073
r_0206,2592791887
r_0207,1569667037
r_0208,1569805114
r_0209,
r_0210,
r_0211,1569810073
r_0212,
r_0213,
r_0214,1569915706
r_0215,1569660227
r_0216,1569659166
r_0217,1569659166
r_0218,1569659166
r_0219,2592805569
r_0220,
r_0221,
r_0222,1569913737
r_0223,2774492928
r_0224,2786239664
r_0225,1570014044
r_0226,
r_0227,2593008382
r_0228,
r_0229,1569913846
r_0230,2592796269
r_0231,2592830459
r_0233,2592844101
r_0234,
r_0235,1569882355
r_0236,2592844009
r_0237,2594268511
r_0238,2594268482
r_0239,1569880979
r_0240,
r_0241,1569867498
r_0242,1569854044
r_0243,1569725256
r_0244,2592830499
r_0249,1570038450
r_0250,1569915429
r_0252,2808797740
r_0253,2808797740
r_0254,2808797740
r_0255,2849820619
r_0256,2849820619
r_0259,1569854557
r_0260,1569854470
r_0261,2602916306
r_0262,1569854280
r_0263,1569854245
r_0264,1569853833
r_0265,1569854263
r_0266,2774439126
r_0267,1569854492
r_0268,2602912602
r_0269,1569854537
r_0270,1569854511
r_0271,
r_0272,
r_0273,1569812423
r_0274,1569675342
r_0278,1569673743
r_0279,1569673731
r_0280,1569675421
r_0281,1570038070
r_0282,1570038055
r_0283,1570038129
r_0284,1570038085
r_0285,1570038114
r_0286,1570038159
r_0287,1570038100
r_0288,1570038144
r_0289,
r_0290,
r_0291,
r_0292,
r_0293,
r_0294,
r_0295,
r_0296,
r_0297,
r_0298,
r_0299,
r_0300,1569822391
r_0301,1569822391
r_0302,1569669772
r_0303,1569669772
r_0304,1569919499
r_0306,1570000488
r_0307,1569919640
r_0308,2849812080
r_0309,1569669299
r_0310,2592795737
r_0311,1569849321
r_0312,1569664891
r_0313,
r_0314,1569820572
r_0315,1569843892
r_0317,2592830476
r_0318,1570009814
r_0319,2774361197
r_0320,2592800122
r_0321,2592800140
r_0322,1569682004
r_0323,2592794635
r_0326,1569835177
r_0327,1569834641
r_0328,1570009849
r_0329,1570009965
r_0330,1570016531
r_0331,
r_0332,
r_0334,1569913984
r_0335,1569920615
r_0340,
r_0341,
r_0342,
r_0343,
r_0344,2592795238
r_0345,2592795238
r_0346,2070045033
r_0347,2592814993
r_0348,1569701430
r_0349,1569838245
r_0350,1569686722
r_0351,2592811792
r_0352,1569668308
r_0353,1569705439
r_0354,1569913957
r_0355,1570038025
r_0356,1569824695
r_0357,
r_0358,
r_0359,
r_0360,
r_0361,2592795808
r_0362,
r_0363,1570016547
r_0364,1569803251
r_0365,
r_0366,2592792759
r_0368,1569813304
r_0369,2774419901
r_0370,2592909803
r_0373,1570038070
r_0399,1570015423
r_0400,1570015489
r_0402,1570015151
r_0410,1570015534
r_0412,1570015552
r_0436,2592789782
r_0437,1569655722
r_0438,
r_0439,
r_0440,2592788469
r_0441,2592831215
r_0442,2592831241
r_0443,1569818718
r_0445,1569820398
r_0446,1569665491
r_0447,1569665491
r_0448,2592793818
r_0449,1569663512
r_0450,1569666824
r_0451,2592796369
r_0452,2592796369
r_0453,1569675066
r_0454,1569848055
r_0455,1569848055
r_0457,2070027162
r_0458,1569917807
r_0459,2592789618
r_0460,1570015889
r_0461,1570038055
r_0462,1570038041
r_0463,2592909803
r_0464,2592909803
r_0465,2849802482
r_0466,2592794398
r_0467,1569663635
r_0468,1569657984
r_0469,1569824893
r_0470,2592789169
r_0471,2592789211
r_0472,2592787802
r_0473,2592813623
r_0475,1569658130
r_0476,1569905978
r_0477,1569663595
r_0478,
r_0479,
r_0480,
r_0481,2592788047
r_0482,2592788047
r_0483,2592789441
r_0484,2592789441
r_0485,1569927208
r_0486,2592796170
r_0487,2592796035
r_0488,1570016861
r_0489,1569664360
r_0490,1569928610
r_0491,2592794434
r_0492,2592794434
r_0497,1569929683
r_0499,1569911086
r_0500,1569659310
r_0501,1569808488
r_0502,1569665523
r_0503,1569665523
r_0504,2774333236
r_0505,2592800972
r_0506,
r_0507,
r_0508,2592817278
r_0509,2594255383
r_0510,
r_0511,2593010165
r_0512,
r_0514,1569807481
r_0518,
r_0519,
r_0520,
r_0521,
r_0522,
r_0523,
r_0524,1569809181
r_0525,1569836998
r_0526,1569817262
r_0527,1569906219
r_0528,1570016483
r_0529,1570034613
r_0530,2786251561
r_0531,2592843210
r_0532,
r_0533,1569918499
r_0534,1569911395
r_0535,1569911395
r_0536,2592796901
r_0537,2070045117
r_0538,1569688268
r_0539,
r_0540,
r_0541,
r_0542,1569698869
r_0543,1569812792
r_0544,
r_0545,2849731603
r_0546,2592942880
r_0547,2592889030
r_0548,1569815623
r_0549,1569674317
r_0550,2070019971
r_0551,2070019971
r_0552,2070019971
r_0553,1569839902
r_0554,1569839902
r_0555,1570038436
r_0556,1569837971
r_0557,1569656289
r_0558,2592803774
r_0559,1569803068
r_0560,1569803068
r_0561,1569835669
r_0562,1569667482
r_0563,1569809844
r_0564,1569690430
r_0565,2592796678
r_0566,1570035116
r_0567,1569825641
r_0568,1569902657
r_0569,1569902657
r_0570,2592796660
r_0571,2774369083
r_0572,2774392991
r_0573,1569808371
r_0574,1569824501
r_0575,1569805411
r_0596,
r_0597,
r_0598,
r_0599,
r_0600,
r_0601,
r_0602,
r_0603,
r_0604,
r_0605,
r_0606,
r_0607,
r_0608,
r_0609,
r_0610,
r_0611,
r_0612,
r_0613,
r_0614,
r_0615,
r_0616,
r_0617,
r_0618,
r_0619,
r_0620,
r_0621,
r_0622,
r_0623,
r_0624,
r_0625,
r_0626,
r_0627,
r_0628,
r_0629,
r_0630,
r_0631,
r_0632,
r_0633,
r_0634,
r_0635,
r_0636,
r_0637,
r_0638,
r_0639,
r_0640,
r_0641,
r_0642,
r_0643,
r_0644,
r_0645,
r_0646,
r_0647,
r_0648,
r_0649,
r_0650,
r_0651,
r_0652,
r_0653,
r_0654,
r_0655,
r_0656,1569913113
r_0657,2774319049
r_0658,1569836832
r_0659,1569829806
r_0661,1569829806
r_0662,1569660215
r_0663,1569678141
r_0664,1569678141
r_0665,
r_0666,
r_0667,1569667394
r_0668,1569680264
r_0669,1569814334
r_0670,1569822337
r_0671,2592802996
r_0672,2592821838
r_0673,2592826117
r_0674,1569658177
r_0675,1569663392
r_0676,2592868131
r_0678,2070029526
r_0679,1569660310
r_0680,1569660310
r_0681,1569688484
r_0682,1569688484
r_0683,1569688484
r_0687,
r_0688,2592805397
r_0689,2592789042
r_0690,2592834075
r_0691,2592810320
r_0692,1569666102
r_0693,1569666102
r_0694,2592792967
r_0695,2774352082
r_0696,2592799157
r_0697,1569681503
r_0698,1569687872
r_0699,2592796440
r_0700,2592796440
r_0701,
r_0702,
r_0703,2593110052
r_0704,2593110052
r_0705,1569686614
r_0706,1569686614
r_0707,1569686614
r_0708,1569686614
r_0711,
r_0712,
r_0713,2592790002
r_0714,2592790002
r_0715,2592790002
r_0716,1569826013
r_0717,1569826013
r_0718,2849822563
r_0719,1569826221
r_0721,1569672788
r_0722,1569946080
r_0723,1569663635
r_0724,2592800702
r_0725,2592800702
r_0726,
r_0727,1569665539
r_0728,2592818336
r_0729,
r_0730,
r_0731,1569668439
r_0732,2592797435
r_0733,2592797435
r_0734,1569659615
r_0735,1569823093
r_0736,1570033720
r_0737,1570033027
r_0738,1570034256
r_0739,1569667376
r_0747,1569854928
r_0748,
r_0749,
r_0750,
r_0751,
r_0752,
r_0753,
r_0754,
r_0755,
r_0756,
r_0757,1569668132
r_0758,1569723678
r_0759,2592814643
r_0760,1570031122
r_0761,1569838226
r_0762,1569812981
r_0763,
r_0764,1570007538
r_0765,1569812044
r_0766,1569812044
r_0767,2592941401
r_0768,1569838490
r_0769,1569838490
r_0770,
r_0771,1569810263
r_0772,1569810263
r_0773,
r_0774,2600231649
r_0775,2600231649
r_0781,2849828515
r_0782,
r_0783,1569656900
r_0784,1569656900
r_0785,2592811269
r_0786,1570028910
r_0787,1570028910
r_0788,1569916005
r_0789,1570009568
r_0790,1570009249
r_0791,1570009249
r_0792,1569918613
r_0793,1569858130
r_0795,1569661306
r_0796,2592796753
r_0797,2592805797
r_0798,1569674948
r_0799,2592803878
r_0800,1569658808
r_0801,1569663037
r_0802,2592815161
r_0803,1569679525
r_0804,1569904692
r_0805,1569916464
r_0806,1569923349
r_0807,1569844176
r_0810,1570009568
r_0811,1569657104
r_0812,1569802636
r_0813,1569669269
r_0815,1569917684
r_0816,1570034359
r_0817,1569835354
r_0818,1569679021
r_0819,1569662295
r_0820,1570029175
r_0821,1569912638
r_0831,1569897689
r_0832,1569914118
r_0841,1569686403
r_0842,1569814139
r_0843,1569805055
r_0844,1569868326
r_0845,1569847401
r_0847,1569806847
r_0848,1569868591
r_0849,1569821212
r_0850,1569806900
r_0851,2592793096
r_0852,
r_0853,
r_0854,1569816126
r_0855,1569906248
r_0882,1569731401
r_0883,
r_0884,1569658960
r_0885,2592803564
r_0886,2774342814
r_0887,2774342852
r_0888,1569665667
r_0889,1569918064
r_0890,1569676933
r_0891,2592799638
r_0892,2592799623
r_0893,2592799679
r_0902,1569665667
r_0903,1569700197
r_0904,1570016591
r_0905,1570033685
r_0906,1569814292
r_0907,1569666697
r_0908,1570016258
r_0909,
r_0910,
r_0911,1569951711
r_0912,1569700789
r_0913,1569690997
r_0914,1569938022
r_0915,1570010398
r_0916,1569917100
r_0917,2592792199
r_0918,2592819978
r_0919,
r_0920,
r_0921,2594491768
r_0922,2600216447
r_0929,1569841084
r_0935,1569837515
r_0936,1569820797
r_0937,1569738271
r_0938,1569814411
r_0939,1569820983
r_0940,1569936251
r_0941,
r_0942,2070021895
r_0943,1570028490
r_0949,1569677758
r_0950,1569677758
r_0951,2070032004
r_0953,1569848767
r_0954,2676118790
r_0955,1569658407
r_0956,1569673687
r_0957,2592797739
r_0958,1569803549
r_0959,1569879131
r_0960,1569892749
r_0961,1569835498
r_0962,1569814874
r_0963,
r_0964,
r_0965,1569816594
r_0966,1569816594
r_0967,1569918378
r_0968,1570035902
r_0969,2593011734
r_0970,1569676445
r_0971,1569676555
r_0972,1569676524
r_0973,1569676570
r_0974,2592803415
r_0975,2592803415
r_0976,2592803462
r_0977,2592803462
r_0978,1569676508
r_0979,1569676508
r_0982,1569666687
r_0983,1570017506
r_0984,
r_0985,
r_0986,
r_0987,1569818110
r_0988,2592793391
r_0989,2592805719
r_0990,1569674777
r_0992,1569661528
r_0993,1569817488
r_0995,
r_0996,2592806474
r_0997,1569813421
r_0998,1569694920
r_0999,1569684842
r_1000,
r_1001,2594254849
r_1002,2594254865
r_1003,1569680865
r_1004,1561762007
r_1005,2592836646
r_1006,2774349919
r_1007,1569936162
r_1008,
r_1009,
r_1010,1561800741
r_1011,2600213716
r_1012,1569852123
r_1021,
r_1022,2592790607
r_1023,2592793370
r_1024,1569663891
r_1025,2592791739
r_1026,1569660819
r_1027,2592884568
r_1028,
r_1029,1569708112
r_1030,1569815966
r_1031,1570015907
r_1032,
r_1033,
r_1034,1569821819
r_1035,2849730220
r_1036,2774351647
r_1037,2070019971
r_1038,2592803398
r_1039,2592803398
r_1040,1569663392
r_1041,2592799294
r_1042,
r_1043,
r_1045,1569677363
r_1046,
r_1047,1570038129
r_1048,1569674763
r_1049,1569672974
r_1050,1569666811
r_1051,1569684056
r_1054,1569666262
r_1055,1569683539
r_1056,1569662521
r_1057,
r_1058,
r_1063,2592793603
r_1065,2592793603
r_1066,
r_1067,
r_1068,1556363580
r_1069,2592790669
r_1070,
r_1071,
r_1072,1570016468
r_1073,1570016468
r_1074,1570029128
r_1075,1569844960
r_1076,1569830342
r_1077,1569822360
r_1078,1569842727
r_1079,1570016562
r_1080,1570016562
r_1081,1737779526
r_1082,
r_1083,1569687535
r_1084,2592789618
r_1085,
r_1086,
r_1087,1569668394
r_1088,1569668394
r_1089,
r_1090,
r_1091,1569677699
r_1092,2592802512
r_1093,2592799073
r_1094,1570017609
r_1095,1569666673
r_1096,
r_1097,
r_1098,
r_1099,
r_1100,
r_1101,
r_1102,
r_1103,
r_1104,
r_1106,
r_1107,
r_1108,
r_1109,
r_1110,
r_1111,
r_1112,
r_1113,
r_1114,
r_1115,
r_1116,
r_1118,
r_1119,
r_1120,
r_1121,
r_1122,
r_1123,
r_1124,
r_1125,
r_1126,
r_1127,
r_1128,
r_1129,
r_1130,
r_1131,
r_1132,
r_1133,
r_1134,
r_1135,
r_1136,
r_1137,
r_1138,
r_1139,
r_1146,
r_1147,
r_1148,
r_1149,
r_1151,
r_1161,
r_1162,
r_1164,
r_1165,
r_1166,
r_1167,
r_1168,
r_1169,
r_1170,
r_1171,
r_1172,
r_1173,
r_1174,
r_1175,
r_1176,
r_1177,
r_1178,
r_1179,
r_1180,
r_1181,
r_1182,
r_1183,
r_1184,
r_1185,
r_1186,
r_1187,
r_1188,
r_1189,
r_1190,
r_1191,
r_1192,
r_1193,
r_1194,
r_1195,
r_1196,
r_1197,
r_1198,
r_1199,
r_1200,
r_1201,
r_1202,
r_1203,
r_1204,
r_1205,
r_1206,
r_1207,
r_1208,
r_1209,
r_1210,
r_1211,
r_1212,
r_1213,
r_1214,
r_1215,
r_1216,
r_1217,
r_1218,
r_1219,
r_1220,
r_1221,
r_1222,
r_1223,
r_1224,
r_1225,
r_1226,
r_1227,
r_1228,
r_1229,
r_1230,
r_1231,
r_1232,
r_1235,
r_1236,
r_1237,
r_1238,
r_1239,
r_1241,
r_1242,
r_1243,
r_1244,
r_1245,
r_1249,
r_1250,
r_1251,
r_1252,
r_1253,
r_1254,
r_1255,
r_1256,
r_1257,
r_1258,
r_1259,
r_1260,
r_1261,
r_1262,
r_1263,
r_1264,
r_1265,
r_1266,
r_1267,
r_1268,
r_1269,
r_1270,
r_1271,
r_1272,
r_1273,
r_1274,
r_1275,
r_1276,
r_1277,
r_1278,
r_1449,
r_1450,
r_1451,
r_1452,
r_1453,
r_1454,
r_1455,
r_1456,
r_1457,
r_1458,
r_1479,
r_1480,
r_1481,
r_1482,
r_1483,
r_1484,
r_1485,
r_1486,
r_1487,
r_1488,
r_1509,
r_1510,
r_1511,
r_1512,
r_1513,
r_1514,
r_1515,
r_1516,
r_1517,
r_1518,
r_1542,
r_1543,
r_1545,
r_1546,
r_1547,
r_1548,
r_1549,
r_1550,
r_1551,
r_1552,
r_1553,
r_1554,
r_1560,
r_1562,
r_1563,
r_1564,
r_1565,
r_1566,
r_1567,
r_1568,
r_1572,
r_1573,
r_1574,
r_1575,
r_1576,
r_1577,
r_1578,
r_1579,
r_1580,
r_1581,
r_1582,
r_1583,
r_1585,
r_1586,
r_1587,
r_1588,
r_1589,
r_1590,
r_1591,
r_1595,
r_1596,
r_1597,
r_1598,
r_1599,
r_1600,
r_1601,
r_1603,1569817423
r_1604,
r_1605,
r_1606,
r_1607,
r_1608,
r_1609,
r_1610,
r_1611,
r_1613,1569657326
r_1614,2592803813
r_1615,2592800755
r_1616,2592803075
r_1617,2592800079
r_1618,2592803995
r_1619,2592797500
r_1620,1569683509
r_1621,
r_1622,
r_1623,1569803918
r_1624,1569928498
r_1625,
r_1627,
r_1628,
r_1629,
r_1630,
r_1631,
r_1632,
r_1633,
r_1634,
r_1635,
r_1637,
r_1638,
r_1639,
r_1640,
r_1641,
r_1642,
r_1643,
r_1644,
r_1645,
r_1647,
r_1648,
r_1649,
r_1650,
r_1651,
r_1652,
r_1654,
r_1656,
r_1657,
r_1658,
r_1659,
r_1660,
r_1661,
r_1663,
r_1664,2592862793
r_1665,2592862793
r_1667,2592862793
r_1668,2592862793
r_1669,
r_1671,
r_1672,
r_1673,
r_1674,
r_1675,
r_1676,
r_1677,
r_1678,
r_1679,
r_1680,
r_1681,
r_1682,
r_1683,
r_1684,
r_1685,1569669504
r_1686,
r_1687,
r_1688,
r_1689,
r_1690,1569660547
r_1691,
r_1694,
r_1695,
r_1696,
r_1697,
r_1698,
r_1699,
r_1700,
r_1702,
r_1703,1570016346
r_1704,1570016501
r_1705,
r_1706,
r_1707,
r_1708,
r_1709,
r_1710,
r_1711,
r_1712,
r_1713,
r_1714,
r_1715,
r_1716,
r_1717,
r_1718,
r_1719,
r_1720,
r_1721,
r_1722,1569813180
r_1723,1570009769
r_1724,1569812190
r_1725,
r_1726,
r_1727,
r_1728,
r_1729,1570016515
r_1730,
r_1731,
r_1732,
r_1733,
r_1734,1569806024
r_1735,
r_1736,1569913984
r_1737,
r_1738,
r_1739,1569853514
r_1743,
r_1744,2774328562
r_1745,
r_1746,
r_1747,
r_1748,
r_1749,
r_1750,
r_1751,
r_1752,
r_1753,
r_1754,
r_1757,
r_1758,
r_1759,
r_1760,
r_1761,
r_1762,
r_1763,
r_1764,
r_1765,
r_1766,
r_1770,
r_1771,
r_1772,
r_1774,
r_1775,
r_1776,
r_1777,
r_1788,
r_1790,2592788469
r_1791,
r_1792,
r_1793,
r_1794,
r_1795,
r_1796,
r_1797,2774332233
r_1798,
r_1800,
r_1801,
r_1802,
r_1803,
r_1805,
r_1806,
r_1807,
r_1808,
r_1809,
r_1810,
r_1811,
r_1812,
r_1813,
r_1814,
r_1815,
r_1816,
r_1817,
r_1818,
r_1819,
r_1820,
r_1821,1569808817
r_1822,
r_1823,
r_1824,
r_1825,
r_1826,
r_1827,
r_1829,
r_1830,
r_1831,
r_1832,
r_1833,
r_1834,
r_1835,
r_1836,
r_1837,
r_1838,1569812792
r_1839,
r_1840,
r_1841,
r_1842,
r_1843,
r_1844,
r_1845,
r_1846,
r_1847,
r_1848,
r_1849,
r_1850,1569810110
r_1851,
r_1852,
r_1853,
r_1854,
r_1855,
r_1856,
r_1857,
r_1858,
r_1859,
r_1860,
r_1861,
r_1862,
r_1863,
r_1864,
r_1865,
r_1866,
r_1867,
r_1868,
r_1869,
r_1870,
r_1871,1570010037
r_1872,1569840561
r_1873,
r_1874,
r_1875,
r_1876,
r_1877,
r_1878,
r_1879,
r_1880,
r_1881,
r_1882,
r_1883,
r_1884,
r_1885,
r_1886,
r_1887,1569928779
r_1889,
r_1890,
r_1891,
r_1892,
r_1893,
r_1895,
r_1896,
r_1897,
r_1898,
r_1899,
r_1900,
r_1901,
r_1902,
r_1903,
r_1904,
r_1905,
r_1906,
r_1907,
r_1908,
r_1909,
r_1910,
r_1911,
r_1912,
r_1913,
r_1914,
r_1915,
r_1916,
r_1919,
r_1920,
r_1921,
r_1922,
r_1923,
r_1924,
r_1925,
r_1926,
r_1927,
r_1928,
r_1929,
r_1930,
r_1931,
r_1932,
r_1935,
r_1936,1569666272
r_1937,
r_1938,
r_1939,
r_1940,
r_1941,
r_1942,
r_1943,
r_1944,
r_1945,
r_1946,
r_1947,
r_1952,
r_1963,
r_1964,
r_1965,
r_1966,
r_1967,
r_1968,
r_1970,
r_1971,
r_1972,
r_1974,1570010994
r_1975,1570010745
r_1976,
r_1977,
r_1978,
r_1979,
r_1980,
r_1981,
r_1984,
r_1987,
r_1988,
r_1989,
r_1990,
r_1991,
r_1992,
r_1993,
r_1994,
r_1995,
r_1996,
r_1997,1569686403
r_1998,
r_1999,
r_2000,
r_2001,
r_2002,
r_2003,
r_2004,
r_2005,
r_2008,
r_2020,
r_2022,
r_2023,
r_2024,
r_2025,1570017023
r_2026,1570017174
r_2027,1569681196
r_2028,
r_2029,1570017082
r_2030,1569723300
r_2031,1569675144
r_2032,
r_2033,
r_2034,
r_2036,
r_2037,
r_2038,
r_2039,
r_2040,
r_2041,
r_2042,
r_2043,
r_2044,
r_2045,
r_2046,
r_2049,
r_2050,1569815657
r_2051,
r_2052,
r_2053,
r_2054,
r_2055,
r_2056,
r_2057,
r_2058,
r_2060,
r_2061,
r_2062,
r_2063,
r_2064,
r_2065,1569824199
r_2066,
r_2067,
r_2068,
r_2069,2849839426
r_2070,2774351372
r_2071,2774351343
r_2072,
r_2073,
r_2074,1569828567
r_2075,
r_2079,
r_2080,
r_2082,
r_2083,
r_2084,
r_2085,
r_2086,
r_2087,
r_2089,
r_2090,
r_2091,
r_2092,
r_2093,
r_2094,
r_2095,
r_2096,
r_2097,
r_2098,
r_2099,
r_2100,
r_2101,
r_2102,
r_2103,
r_2104,
r_2105,
r_2106,
r_2107,
r_2108,
r_2111,
r_2112,2774470678
r_2113,
r_2114,2774345805
r_2115,2592793753
r_2116,2592793303
r_2117,1569662620
r_2118,1569670256
r_2119,1569739954
r_2125,
r_2126,
r_2129,
r_2131,1569829806
r_2132,
r_2134,
r_2136,
r_2137,
r_2139,
r_2140,1569816410
r_2141,
r_2142,
r_2143,
r_2144,
r_2145,1569700453
r_2146,2592825420
r_2147,
r_2148,
r_2149,1569704524
r_2150,
r_2151,
r_2152,2592825470
r_2153,2592825522
r_2154,1569934523
r_2155,1569865775
r_2156,1569858312
r_2157,1569858348
r_2158,1569858393
r_2159,1569860725
r_2160,1569860773
r_2161,2600339168
r_2162,2600339585
r_2163,2592845926
r_2164,1569858443
r_2165,1569858463
r_2166,2849839568
r_2167,1569865898
r_2168,2592823804
r_2169,2592823772
r_2170,2592845942
r_2171,
r_2172,
r_2173,
r_2174,2593024126
r_2175,2592818610
r_2176,2592797925
r_2177,2592845954
r_2178,
r_2179,1569865854
r_2180,
r_2181,1569865921
r_2182,1736864925
r_2183,1736881641
r_2184,
r_2185,
r_2186,
r_2187,
r_2188,
r_2189,
r_2190,
r_2191,
r_2192,
r_2193,
r_2194,1570015489
r_2195,1570015552
r_2196,1570015151
r_2197,2774428064
r_2198,1570015399
r_2199,1570015289
r_2200,1570015489
r_2201,1570015552
r_2202,1570015151
r_2203,2774428064
r_2204,1570015399
r_2205,1570015289
r_2206,2774428064
r_2207,1570015399
r_2208,1570015289
r_2209,
r_2210,2774452113
r_2211,2774452134
r_2212,
r_2213,2774452113
r_2214,2774452134
r_2215,
r_2216,2774452113
r_2217,2774452134
r_2218,
r_2219,
r_2220,
r_2221,
r_2222,
r_2223,
r_2224,
r_2225,
r_2226,
r_2227,
r_2228,
r_2229,
r_2230,
r_2231,
r_2232,1569868563
r_2233,1569868577
r_2234,1569868605
r_2235,1569806867
r_2236,1556436960
r_2237,1569869119
r_2238,1557183847
r_2239,
r_2240,
r_2241,
r_2242,
r_2243,
r_2244,
r_2245,1736883627
r_2246,
r_2247,
r_2248,2592823860
r_2249,2592819957
r_2250,2592823804
r_2251,2592823772
r_2252,2592845942
r_2253,2593024126
r_2254,2592811507
r_2255,2592823931
r_2256,2592823894
r_2257,
r_2258,
r_2259,
r_2260,
r_2261,
r_2262,
r_2263,
r_2264,
r_2265,
r_2266,2592823841
r_2267,2592823819
r_2268,2592823753
r_2269,2594265196
r_2270,2070051290
r_2271,2592803145
r_2272,2592823912
r_2273,2592823875
r_2274,2594265169
r_2275,2594265142
r_2276,
r_2277,
r_2278,
r_2279,
r_2280,
r_2281,
r_2282,
r_2283,1569657972
r_2284,1569668045
r_2285,1569702732
r_2286,2070051403
r_2287,1569929810
r_2288,2070051343
r_2289,
r_2290,
r_2291,
r_2292,
r_2293,
r_2294,
r_2295,
r_2296,
r_2297,
r_2298,1569696413
r_2299,
r_2300,
r_2301,
r_2302,
r_2303,
r_2304,
r_2305,1569675421
r_2308,1561677611
r_2309,
r_2310,
r_2311,
r_2312,1561332603
r_2313,
r_2314,2593633263
r_2315,2600306920
r_2316,1561677611
r_2317,
r_2318,
r_2319,
r_2320,1561332603
r_2321,
r_2322,2593633263
r_2323,2600306920
r_2324,2592814002
r_2325,
r_2326,
r_2327,
r_2328,2592814002
r_2329,
r_2330,
r_2331,
r_2332,1558140288
r_2333,1569853612
r_2334,
r_2335,
r_2336,
r_2337,
r_2338,
r_2339,
r_2340,1569853612
r_2341,
r_2342,
r_2343,
r_2344,
r_2345,
r_2346,
r_2347,
r_2348,
r_2349,1569874637
r_2350,
r_2351,
r_2352,
r_2353,
r_2354,
r_2355,
r_2356,
r_2357,1569874637
r_2358,
r_2359,
r_2360,
r_2361,
r_2362,
r_2363,
r_2364,
r_2365,1569874637
r_2366,
r_2367,
r_2368,
r_2369,
r_2370,
r_2371,
r_2372,
r_2373,
r_2374,
r_2375,
r_2376,
r_2377,
r_2378,
r_2379,
r_2380,
r_2381,
r_2382,
r_2383,
r_2384,
r_2385,
r_2386,
r_2387,
r_2388,
r_2389,
r_2390,
r_2391,
r_2392,
r_2393,
r_2394,
r_2395,
r_2396,
r_2397,
r_2398,
r_2399,
r_2400,
r_2401,
r_2402,
r_2403,
r_2404,
r_2405,
r_2406,
r_2407,
r_2408,
r_2409,
r_2410,
r_2411,
r_2412,
r_2413,
r_2414,
r_2415,
r_2416,
r_2417,
r_2418,
r_2419,
r_2420,
r_2421,
r_2422,
r_2423,
r_2424,
r_2425,
r_2426,
r_2427,
r_2428,
r_2429,
r_2430,
r_2431,
r_2432,
r_2433,
r_2434,
r_2435,
r_2436,1558070582
r_2437,
r_2438,
r_2439,
r_2440,
r_2441,
r_2442,
r_2443,
r_2444,1558070582
r_2445,
r_2446,
r_2447,
r_2448,
r_2449,
r_2450,
r_2451,
r_2452,
r_2453,
r_2454,
r_2455,
r_2456,
r_2457,
r_2458,
r_2459,
r_2460,
r_2461,
r_2462,
r_2463,
r_2464,
r_2465,
r_2466,
r_2467,
r_2468,
r_2469,
r_2470,
r_2471,
r_2472,
r_2473,
r_2474,
r_2475,
r_2476,
r_2477,
r_2478,
r_2479,
r_2480,
r_2481,
r_2482,
r_2483,
r_2484,
r_2485,
r_2486,
r_2487,
r_2488,
r_2489,
r_2490,
r_2491,
r_2492,
r_2493,
r_2494,
r_2495,
r_2496,
r_2497,
r_2498,
r_2499,
r_2500,
r_2501,
r_2502,
r_2503,
r_2504,
r_2505,
r_2506,
r_2507,
r_2508,
r_2509,
r_2510,
r_2511,
r_2512,
r_2513,
r_2514,
r_2515,
r_2516,
r_2517,
r_2518,
r_2519,
r_2520,
r_2521,
r_2522,
r_2523,
r_2524,
r_2525,
r_2526,
r_2527,
r_2528,
r_2529,
r_2530,
r_2531,
r_2532,
r_2533,
r_2534,
r_2535,
r_2536,
r_2537,
r_2538,
r_2539,
r_2540,
r_2541,
r_2542,
r_2543,
r_2544,
r_2545,
r_2546,
r_2547,
r_2548,
r_2549,
r_2550,
r_2551,
r_2552,
r_2553,
r_2554,
r_2555,
r_2556,
r_2557,
r_2558,
r_2559,
r_2560,
r_2561,
r_2562,
r_2563,
r_2564,
r_2565,
r_2566,
r_2567,
r_2568,
r_2569,
r_2570,
r_2571,
r_2572,
r_2573,
r_2574,
r_2575,
r_2576,
r_2577,
r_2578,
r_2579,
r_2580,
r_2581,
r_2582,
r_2583,
r_2584,
r_2585,
r_2586,
r_2587,
r_2588,
r_2589,
r_2590,
r_2591,
r_2592,
r_2593,
r_2594,
r_2595,
r_2596,
r_2597,
r_2598,
r_2599,
r_2600,
r_2601,
r_2602,
r_2603,
r_2604,
r_2605,
r_2606,
r_2607,
r_2608,
r_2609,
r_2610,
r_2611,
r_2612,
r_2613,
r_2614,
r_2615,
r_2616,
r_2617,
r_2618,
r_2619,
r_2620,
r_2621,
r_2622,
r_2623,
r_2624,
r_2625,
r_2626,
r_2627,
r_2628,
r_2629,
r_2630,
r_2631,
r_2632,
r_2633,
r_2634,
r_2635,
r_2636,
r_2637,
r_2638,
r_2639,
r_2640,
r_2641,
r_2642,
r_2643,
r_2644,
r_2645,
r_2646,
r_2647,
r_2648,
r_2649,
r_2650,
r_2651,
r_2652,
r_2653,
r_2654,
r_2655,
r_2656,
r_2657,
r_2658,
r_2659,
r_2660,
r_2661,
r_2662,
r_2663,
r_2664,
r_2665,
r_2666,
r_2667,
r_2668,
r_2669,
r_2670,
r_2671,
r_2672,
r_2673,
r_2674,
r_2675,
r_2676,
r_2677,
r_2678,
r_2679,
r_2680,
r_2681,
r_2682,
r_2683,
r_2684,
r_2685,
r_2686,
r_2687,
r_2688,
r_2689,
r_2690,
r_2691,
r_2692,
r_2693,
r_2694,
r_2695,
r_2696,
r_2697,
r_2698,
r_2699,
r_2700,
r_2701,
r_2702,
r_2703,
r_2704,
r_2705,
r_2706,
r_2707,
r_2708,
r_2709,
r_2710,
r_2711,
r_2712,
r_2713,
r_2714,
r_2715,
r_2716,
r_2717,
r_2718,
r_2719,
r_2720,
r_2721,
r_2722,
r_2723,
r_2724,
r_2725,
r_2726,
r_2727,
r_2728,
r_2729,
r_2730,
r_2731,
r_2732,
r_2733,
r_2734,
r_2735,
r_2736,
r_2737,
r_2738,
r_2739,
r_2740,
r_2741,
r_2742,
r_2743,
r_2744,
r_2745,
r_2746,
r_2747,
r_2748,
r_2749,
r_2750,
r_2751,
r_2752,
r_2753,
r_2754,
r_2755,
r_2756,
r_2757,
r_2758,
r_2759,
r_2760,
r_2761,
r_2762,
r_2763,
r_2764,
r_2765,
r_2766,
r_2767,
r_2768,
r_2769,
r_2770,
r_2771,
r_2772,
r_2773,
r_2774,
r_2775,
r_2776,
r_2777,
r_2778,
r_2779,
r_2780,
r_2781,
r_2782,
r_2783,
r_2784,
r_2785,
r_2786,
r_2787,
r_2788,
r_2789,
r_2790,
r_2791,
r_2792,
r_2793,
r_2794,
r_2795,
r_2796,
r_2797,
r_2798,
r_2799,
r_2800,
r_2801,
r_2802,
r_2803,
r_2804,
r_2805,
r_2806,
r_2807,
r_2808,
r_2809,
r_2810,
r_2811,
r_2812,
r_2813,
r_2814,
r_2815,
r_2816,
r_2817,
r_2818,
r_2819,
r_2820,
r_2821,
r_2822,
r_2823,
r_2824,
r_2825,
r_2826,
r_2827,
r_2828,
r_2829,
r_2830,
r_2831,
r_2832,
r_2833,
r_2834,
r_2835,
r_2836,
r_2837,
r_2838,
r_2839,
r_2840,
r_2841,
r_2842,
r_2843,
r_2844,
r_2845,
r_2846,
r_2847,
r_2848,
r_2849,
r_2850,
r_2851,
r_2852,
r_2853,
r_2854,
r_2855,
r_2856,
r_2857,
r_2858,
r_2859,
r_2860,
r_2861,
r_2862,
r_2863,
r_2864,
r_2865,
r_2866,
r_2867,
r_2868,
r_2869,
r_2870,
r_2871,
r_2872,
r_2873,
r_2874,
r_2875,
r_2876,
r_2877,
r_2878,
r_2879,
r_2880,
r_2881,
r_2882,
r_2883,
r_2884,
r_2885,
r_2886,
r_2887,
r_2888,
r_2889,
r_2890,
r_2891,
r_2892,
r_2893,
r_2894,
r_2895,
r_2896,
r_2897,
r_2898,
r_2899,
r_2900,
r_2901,
r_2902,
r_2903,
r_2904,
r_2905,
r_2906,
r_2907,
r_2908,
r_2909,
r_2910,
r_2911,
r_2912,
r_2913,
r_2914,
r_2915,
r_2916,
r_2917,
r_2918,
r_2919,
r_2920,
r_2921,
r_2922,
r_2923,
r_2924,
r_2925,
r_2926,
r_2927,
r_2928,
r_2929,
r_2930,
r_2931,
r_2932,
r_2933,
r_2934,
r_2935,
r_2936,
r_2937,
r_2938,
r_2939,
r_2940,
r_2941,
r_2942,
r_2943,
r_2944,
r_2945,
r_2946,
r_2947,
r_2948,
r_2949,
r_2950,
r_2951,
r_2952,
r_2953,
r_2954,
r_2955,
r_2956,
r_2957,
r_2958,
r_2959,
r_2960,
r_2961,
r_2962,
r_2963,
r_2964,
r_2965,
r_2966,
r_2967,
r_2968,
r_2969,
r_2970,
r_2971,
r_2972,
r_2973,
r_2974,
r_2975,
r_2976,
r_2977,
r_2978,
r_2979,
r_2980,
r_2981,
r_2982,
r_2983,
r_2984,
r_2985,
r_2986,
r_2987,
r_2988,
r_2989,
r_2990,
r_2991,
r_2992,
r_2993,
r_2994,
r_2995,
r_2996,
r_2997,
r_2998,
r_2999,
r_3000,
r_3001,
r_3002,
r_3003,
r_3004,
r_3005,
r_3006,
r_3007,
r_3008,
r_3009,
r_3010,
r_3011,
r_3022,
r_3023,
r_3024,
r_3025,
r_3026,
r_3027,
r_3028,
r_3029,
r_3030,
r_3031,
r_3032,
r_3033,1569940603
r_3034,
r_3035,
r_3036,
r_3037,
r_3038,
r_3039,
r_3040,
r_3041,
r_3042,
r_3043,
r_3044,
r_3045,1569940603
r_3046,
r_3047,
r_3048,
r_3049,
r_3050,
r_3051,
r_3052,
r_3053,
r_3054,
r_3055,
r_3056,
r_3057,
r_3058,
r_3059,
r_3060,
r_3061,
r_3062,
r_3063,
r_3064,
r_3065,
r_3066,
r_3067,
r_3068,
r_3069,
r_3070,
r_3071,
r_3072,
r_3073,
r_3074,
r_3075,
r_3076,
r_3077,
r_3078,
r_3079,
r_3080,
r_3081,
r_3082,
r_3083,
r_3084,
r_3085,
r_3086,
r_3087,
r_3088,
r_3089,
r_3090,
r_3091,
r_3092,
r_3093,
r_3094,
r_3095,
r_3096,
r_3097,
r_3098,
r_3099,
r_3100,
r_3101,
r_3102,
r_3103,
r_3104,
r_3105,
r_3106,
r_3107,
r_3108,
r_3109,
r_3110,
r_3111,
r_3112,
r_3113,
r_3114,
r_3115,
r_3116,
r_3117,
r_3118,
r_3119,
r_3120,
r_3121,
r_3122,
r_3123,
r_3124,
r_3125,
r_3126,
r_3127,
r_3128,
r_3129,
r_3130,
r_3131,
r_3132,
r_3133,
r_3134,
r_3135,
r_3136,
r_3137,
r_3138,
r_3139,
r_3140,
r_3141,
r_3142,
r_3143,
r_3144,
r_3145,
r_3146,
r_3147,
r_3148,
r_3149,
r_3150,
r_3151,
r_3152,
r_3153,
r_3154,
r_3155,
r_3156,
r_3157,
r_3158,
r_3159,
r_3160,
r_3161,
r_3162,
r_3163,
r_3164,
r_3165,
r_3166,
r_3167,
r_3168,
r_3169,
r_3170,
r_3171,
r_3172,
r_3173,
r_3174,
r_3175,
r_3176,
r_3177,
r_3178,
r_3179,
r_3180,
r_3181,
r_3182,
r_3183,
r_3184,
r_3185,
r_3186,
r_3187,
r_3188,
r_3189,
r_3190,
r_3191,
r_3192,
r_3193,
r_3194,
r_3195,
r_3196,
r_3197,
r_3198,
r_3199,
r_3200,
r_3201,
r_3202,
r_3203,
r_3204,
r_3205,
r_3206,
r_3207,
r_3208,
r_3209,
r_3210,
r_3211,
r_3212,
r_3213,
r_3214,
r_3215,
r_3216,
r_3217,
r_3218,
r_3219,
r_3220,
r_3221,
r_3222,
r_3223,
r_3224,
r_3225,
r_3226,
r_3227,
r_3228,
r_3229,
r_3230,
r_3231,
r_3232,
r_3233,
r_3234,
r_3235,
r_3236,
r_3237,
r_3238,
r_3239,
r_3240,
r_3241,
r_3242,
r_3243,
r_3244,
r_3245,
r_3246,
r_3247,
r_3248,
r_3249,
r_3250,
r_3251,
r_3252,
r_3253,2593032344
r_3254,
r_3255,
r_3256,
r_3257,
r_3258,
r_3259,2593032328
r_3260,
r_3261,
r_3262,
r_3263,
r_3264,
r_3265,
r_3266,
r_3267,
r_3268,
r_3269,
r_3270,
r_3271,
r_3272,
r_3273,
r_3274,
r_3275,
r_3276,
r_3277,
r_3278,
r_3279,
r_3280,
r_3281,
r_3282,
r_3283,
r_3284,
r_3285,
r_3286,
r_3287,
r_3288,
r_3289,
r_3290,
r_3291,
r_3292,
r_3293,
r_3294,
r_3295,
r_3296,
r_3297,
r_3298,
r_3299,
r_3300,
r_3301,
r_3302,
r_3303,
r_3304,
r_3305,
r_3306,
r_3307,
r_3308,
r_3309,
r_3310,
r_3311,
r_3312,
r_3313,
r_3314,
r_3315,
r_3316,
r_3317,
r_3318,
r_3319,
r_3320,
r_3321,
r_3322,
r_3323,
r_3324,
r_3325,
r_3326,
r_3327,
r_3328,
r_3329,
r_3330,
r_3331,
r_3332,
r_3333,
r_3334,
r_3335,
r_3336,
r_3337,
r_3338,
r_3339,
r_3340,
r_3341,
r_3342,
r_3343,
r_3344,
r_3345,
r_3346,
r_3347,
r_3348,
r_3349,
r_3350,
r_3351,
r_3352,
r_3353,
r_3354,
r_3355,
r_3356,
r_3357,
r_3358,
r_3359,
r_3360,
r_3361,
r_3362,
r_3363,
r_3364,
r_3365,
r_3366,
r_3367,
r_3368,
r_3369,
r_3370,
r_3371,
r_3372,
r_3373,
r_3374,
r_3375,
r_3376,
r_3377,
r_3378,
r_3379,
r_3380,
r_3381,
r_3382,
r_3383,
r_3384,
r_3385,
r_3386,
r_3387,
r_3388,
r_3389,
r_3390,
r_3391,
r_3392,
r_3393,
r_3394,
r_3395,
r_3396,
r_3397,
r_3398,
r_3399,
r_3400,
r_3401,
r_3402,
r_3403,
r_3404,
r_3405,
r_3406,
r_3407,
r_3408,
r_3409,
r_3410,
r_3411,
r_3412,
r_3413,
r_3414,
r_3415,
r_3416,
r_3417,
r_3418,
r_3419,
r_3420,
r_3421,
r_3422,
r_3423,
r_3424,
r_3425,
r_3426,
r_3427,
r_3428,
r_3429,
r_3430,
r_3431,
r_3432,
r_3433,
r_3434,
r_3435,
r_3436,
r_3437,
r_3438,
r_3439,
r_3440,
r_3441,
r_3442,
r_3443,
r_3444,
r_3445,
r_3446,
r_3447,
r_3448,
r_3449,
r_3450,
r_3451,
r_3452,
r_3453,
r_3454,
r_3455,
r_3456,
r_3457,
r_3458,
r_3459,
r_3460,
r_3461,
r_3462,
r_3463,
r_3464,
r_3465,
r_3466,
r_3467,
r_3468,
r_3469,
r_3470,
r_3471,
r_3472,
r_3473,
r_3474,
r_3475,
r_3476,
r_3477,
r_3478,
r_3479,
r_3480,
r_3481,
r_3482,
r_3483,
r_3484,
r_3485,
r_3486,
r_3487,
r_3488,
r_3489,
r_3490,
r_3491,
r_3492,
r_3493,
r_3494,
r_3495,
r_3496,
r_3497,
r_3498,
r_3499,
r_3500,
r_3501,
r_3502,
r_3503,
r_3504,
r_3505,
r_3506,
r_3507,
r_3508,
r_3509,
r_3510,
r_3511,
r_3512,
r_3513,
r_3514,
r_3515,
r_3516,
r_3517,
r_3518,
r_3519,
r_3520,
r_3521,
r_3522,
r_3523,
r_3524,
r_3525,
r_3526,
r_3527,
r_3528,
r_3529,
r_3530,
r_3531,
r_3532,
r_3533,
r_3534,
r_3535,
r_3536,
r_3537,
r_3538,
r_3539,
r_3540,
r_3541,
r_3542,
r_3543,
r_3544,
r_3545,
r_3546,
r_3547,
r_3548,
r_3549,
r_3550,
r_3551,
r_3552,
r_3553,
r_3554,
r_3555,
r_3556,
r_3557,
r_3558,
r_3559,
r_3560,
r_3561,
r_3562,
r_3563,
r_3564,
r_3565,
r_3566,
r_3567,
r_3568,
r_3569,
r_3570,
r_3571,
r_3572,
r_3573,
r_3574,
r_3575,
r_3576,
r_3577,
r_3578,
r_3579,
r_3580,
r_3581,
r_3582,
r_3583,
r_3584,
r_3585,
r_3586,
r_3587,
r_3588,
r_3589,
r_3590,
r_3591,
r_3592,
r_3593,
r_3594,
r_3595,
r_3596,
r_3597,
r_3598,
r_3599,
r_3600,
r_3601,
r_3602,
r_3603,
r_3604,
r_3605,
r_3606,
r_3607,
r_3608,
r_3609,
r_3610,
r_3611,
r_3612,
r_3613,
r_3614,
r_3615,
r_3616,
r_3617,
r_3618,
r_3619,
r_3620,
r_3621,
r_3622,
r_3623,
r_3624,
r_3625,
r_3626,
r_3627,
r_3628,
r_3629,
r_3630,
r_3631,
r_3632,
r_3633,
r_3634,
r_3635,
r_3636,
r_3637,
r_3638,
r_3639,
r_3640,
r_3641,
r_3642,
r_3643,
r_3644,
r_3645,
r_3646,
r_3647,
r_3648,
r_3649,
r_3650,
r_3651,
r_3652,
r_3653,
r_3654,
r_3655,
r_3656,
r_3657,
r_3658,
r_3659,
r_3660,
r_3661,
r_3662,
r_3663,
r_3664,
r_3665,
r_3666,
r_3667,
r_3668,
r_3669,
r_3670,
r_3671,
r_3672,
r_3673,
r_3674,
r_3675,
r_3676,
r_3677,
r_3678,
r_3679,
r_3680,
r_3681,
r_3682,
r_3683,
r_3684,
r_3685,
r_3686,
r_3687,
r_3688,
r_3689,
r_3690,
r_3691,
r_3692,
r_3693,
r_3694,
r_3695,
r_3696,
r_3697,
r_3698,
r_3699,
r_3700,
r_3701,
r_3702,
r_3703,
r_3704,
r_3705,
r_3706,
r_3707,
r_3708,
r_3709,
r_3710,
r_3711,
r_3712,
r_3713,
r_3714,
r_3715,
r_3716,
r_3717,
r_3718,
r_3719,
r_3720,
r_3721,
r_3722,
r_3723,
r_3724,
r_3725,
r_3726,
r_3727,
r_3728,
r_3729,
r_3730,
r_3731,
r_3732,
r_3733,
r_3734,
r_3735,
r_3736,
r_3737,
r_3738,
r_3739,
r_3740,
r_3741,
r_3742,
r_3743,
r_3744,
r_3745,
r_3746,
r_3747,
r_3748,
r_3749,
r_3750,
r_3751,
r_3752,
r_3753,
r_3754,
r_3755,
r_3756,
r_3757,
r_3758,
r_3759,
r_3760,
r_3761,
r_3762,
r_3763,
r_3764,
r_3765,
r_3766,
r_3767,
r_3768,
r_3769,
r_3770,
r_3771,
r_3772,
r_3773,
r_3774,
r_3775,
r_3776,
r_3777,
r_3778,
r_3779,
r_3780,
r_3781,
r_3782,
r_3783,
r_3784,
r_3785,
r_3786,
r_3787,
r_3788,
r_3789,
r_3790,
r_3791,
r_3792,
r_3793,
r_3794,
r_3795,
r_3796,
r_3797,
r_3798,
r_3799,
r_3800,
r_3801,
r_3802,
r_3803,
r_3804,
r_3805,
r_3806,
r_3807,
r_3808,
r_3809,
r_3810,
r_3811,
r_3812,
r_3813,
r_3814,
r_3815,
r_3816,
r_3817,
r_3818,
r_3819,
r_3820,
r_3821,
r_3822,
r_3823,
r_3824,
r_3825,
r_3826,
r_3827,
r_3828,
r_3829,
r_3830,
r_3831,
r_3832,
r_3833,
r_3834,
r_3835,
r_3836,
r_3837,
r_3838,
r_3839,
r_3840,
r_3841,
r_3842,
r_3843,
r_3844,
r_3845,
r_3846,
r_3847,
r_3848,
r_3849,
r_3850,
r_3851,
r_3852,
r_3853,
r_3854,
r_3855,
r_3856,
r_3857,
r_3858,
r_3859,
r_3860,
r_3861,
r_3862,
r_3863,
r_3864,
r_3865,
r_3866,
r_3867,
r_3868,
r_3869,
r_3870,
r_3871,
r_3872,
r_3873,
r_3874,
r_3875,
r_3876,
r_3877,
r_3878,
r_3879,
r_3880,
r_3881,
r_3882,
r_3883,
r_3884,
r_3885,
r_3886,
r_3887,
r_3888,
r_3889,
r_3890,
r_3891,
r_3892,
r_3893,
r_3894,
r_3895,
r_3896,
r_3897,
r_3898,
r_3899,
r_3900,
r_3901,
r_3902,
r_3903,
r_3904,
r_3905,
r_3906,
r_3907,
r_3908,
r_3909,
r_3910,
r_3911,
r_3912,
r_3913,
r_3914,
r_3915,
r_3916,
r_3917,
r_3918,
r_3919,
r_3920,
r_3921,
r_3922,
r_3923,
r_3924,
r_3925,
r_3926,
r_3927,
r_3928,
r_3929,
r_3930,
r_3931,
r_3932,
r_3933,
r_3934,
r_3935,
r_3936,
r_3937,
r_3938,
r_3939,
r_3940,
r_3941,
r_3942,
r_3943,
r_3944,
r_3945,
r_3946,
r_3947,
r_3948,
r_3949,
r_3950,
r_3951,
r_3952,
r_3953,
r_3954,
r_3955,
r_3956,
r_3957,
r_3958,
r_3959,
r_3960,
r_3961,
r_3962,
r_3963,
r_3964,
r_3965,
r_3966,
r_3967,
r_3968,
r_3969,
r_3970,
r_3971,
r_3972,
r_3973,
r_3975,
r_3976,
r_3977,
r_3978,
r_3979,
r_3980,
r_3981,
r_3982,
r_3983,
r_3984,
r_3985,
r_3986,
r_3987,
r_3988,
r_3989,
r_3990,
r_3991,
r_3992,
r_3993,
r_3994,
r_3995,
r_3996,
r_3997,
r_3998,
r_3999,
r_4000,
r_4001,
r_4002,
r_4003,
r_4004,
r_4005,
r_4006,
r_4007,
r_4008,
r_4009,
r_4010,
r_4011,
r_4012,
r_4013,
r_4014,
r_4015,
r_4016,
r_4017,
r_4018,
r_4019,
r_4020,
r_4021,
r_4022,
r_4023,
r_4024,
r_4025,
r_4026,
r_4027,
r_4028,
r_4029,
r_4030,
r_4031,
r_4032,
r_4033,
r_4034,
r_4035,
r_4036,
r_4037,
r_4038,
r_4039,1569750934
r_4040,
r_4041,
r_4042,
r_4043,
r_4044,
r_4045,1569666972
r_4046,2593008382
r_4047,
r_4048,
r_4049,
r_4050,
r_4051,
r_4052,
r_4053,
r_4054,
r_4055,
r_4056,
r_4057,
r_4058,
r_4059,
r_4060,
r_4061,
r_4062,
r_4063,
r_4064,
r_4065,
r_4066,
r_4067,
r_4068,
r_4069,
r_4070,
r_4071,
r_4072,
r_4073,
r_4074,
r_4075,
r_4076,
r_4077,
r_4078,
r_4079,
r_4080,
r_4081,
r_4082,
r_4083,
r_4084,
r_4085,
r_4086,
r_4087,
r_4088,
r_4089,
r_4090,
r_4091,
r_4092,
r_4093,
r_4094,
r_4095,
r_4096,
r_4097,
r_4098,
r_4099,
r_4100,
r_4101,
r_4102,
r_4103,
r_4104,
r_4105,
r_4106,
r_4107,
r_4108,
r_4109,
r_4110,
r_4111,
r_4112,
r_4113,
r_4114,
r_4115,
r_4116,
r_4117,
r_4118,
r_4119,
r_4120,
r_4121,
r_4122,
r_4123,
r_4124,
r_4125,
r_4126,
r_4127,
r_4128,
r_4129,
r_4130,
r_4131,
r_4132,
r_4133,
r_4134,
r_4135,
r_4136,
r_4137,
r_4138,
r_4139,
r_4140,
r_4141,
r_4142,
r_4143,
r_4144,
r_4145,
r_4146,
r_4147,
r_4148,
r_4149,
r_4150,
r_4151,
r_4152,2849801943
r_4153,2592805910
r_4154,2592805910
r_4155,
r_4156,2592970954
r_4157,2592953447
r_4158,2070067714
r_4159,
r_4160,2070044822
r_4161,
r_4162,
r_4163,
r_4164,
r_4165,
r_4166,
r_4167,
r_4168,
r_4169,
r_4170,2592795778
r_4171,2592791468
r_4172,
r_4173,
r_4174,
r_4175,2603927150
r_4176,2600287953
r_4177,2592828322
r_4178,2592827197
r_4179,2592827789
r_4180,2592799485
r_4181,
r_4183,2592794635
r_4184,1569655614
r_4185,1569819630
r_4186,1569676601
r_4187,
r_4188,1569762706
r_4189,1569702552
r_4190,2592789456
r_4191,1569682216
r_4192,
r_4193,
r_4194,
r_4195,
r_4196,
r_4197,
r_4198,2592861491
r_4199,
r_4200,
r_4201,
r_4202,1569676601
r_4203,2592961957
r_4204,1734595990
r_4205,1569827702
r_4206,1569659062
r_4207,
r_4208,1569930045
r_4209,1569930045
r_4210,1569663705
r_4211,2774344436
r_4212,1569918556
r_4214,2592794865
r_4215,1569704465
r_4216,1569661044
r_4217,2592787632
r_4218,
r_4219,
r_4220,1569686314
r_4221,2592810320
r_4222,1569917807
r_4223,1569850156
r_4224,
r_4225,
r_4226,1569658177
r_4227,2849802671
r_4228,2849802848
r_4229,1569694621
r_4230,1569710609
r_4231,
r_4232,1569829303
r_4233,
r_4234,
r_4235,1569911395
r_4236,1569842910
r_4237,
r_4238,
r_4239,
r_4240,
r_4241,
r_4242,
r_4243,
r_4244,
r_4245,1569743530
r_4246,
r_4247,1569752290
r_4248,2592789042
r_4249,1569664891
r_4250,1655492804
r_4251,
r_4252,
r_4253,
r_4254,2070068018
r_4255,2070068035
r_4256,1569727167
r_4258,
r_4260,
r_4261,
r_4262,2592798310
r_4263,
r_4264,2592790590
r_4265,
r_4266,1569844196
r_4267,1569844267
r_4268,1569844721
r_4269,
r_4270,2592789456
r_4271,
r_4272,
r_4273,1569655790
r_4274,2849827241
r_4275,2592858722
r_4276,2592858722
r_4277,1569678565
r_4278,2070067866
r_4279,1569850691
r_4280,1569727140
r_4281,1569727154
r_4282,2774342831
r_4283,1569918499
r_4284,1569911395
r_4285,1569911395
r_4286,1569930182
r_4287,1569918499
r_4288,
r_4291,2592801511
r_4292,2592803252
r_4293,2592807698
r_4294,2592808705
r_4295,2592810660
r_4296,2592810834
r_4297,2592813380
r_4298,2592817733
r_4299,2592819145
r_4300,2592822194
r_4301,2592825082
r_4302,2592826098
r_4303,2592827280
r_4304,2592827280
r_4305,2592827853
r_4306,2592835612
r_4307,2592848628
r_4308,
r_4309,1569864363
r_4310,
r_4311,
r_4312,
r_4313,
r_4314,
r_4315,2592793433
r_4316,
r_4317,1569663891
r_4318,
r_4319,2592852168
r_4320,
r_4321,
r_4322,
r_4323,
r_4324,
r_4325,
r_4326,2849844321
r_4327,
r_4328,2592795760
r_4329,
r_4330,2592801103
r_4331,
r_4332,
r_4333,
r_4334,
r_4335,1569905401
r_4336,2070072006
r_4337,
r_4338,2592909803
r_4339,
r_4340,
r_4341,
r_4342,1569666539
r_4343,
r_4344,1557062154
r_4345,1558234651
r_4346,
r_4347,1569677775
r_4348,
r_4349,
r_4350,1569669807
r_4351,2592978341
r_4352,
r_4353,1569816725
r_4354,2592800822
r_4355,1569757630
r_4356,
r_4357,1557446060
r_4358,
r_4359,1569675161
r_4360,
r_4361,
r_4362,1557165722
r_4363,1737773953
r_4364,
r_4365,
r_4366,1569835218
r_4367,
r_4368,1559956780
r_4369,
r_4370,1557364456
r_4371,
r_4372,2774406250
r_4373,
r_4374,1570011322
r_4375,
r_4376,1569672137
r_4377,
r_4378,1560809606
r_4379,
r_4380,1569907345
r_4381,
r_4382,2592880379
r_4383,
r_4384,2592801402
r_4385,
r_4386,2592969210
r_4387,
r_4388,2774406237
r_4389,
r_4390,1569944000
r_4391,
r_4392,
r_4393,1569911425
r_4394,
r_4395,
r_4396,1570015115
r_4397,1569922124
r_4398,
r_4399,
r_4400,1738177068
r_4401,
r_4402,
r_4403,
r_4404,
r_4405,
r_4406,
r_4407,2592792199
r_4408,
r_4409,1559975674
r_4410,1569660191
r_4411,1569725878
r_4412,2774406224
r_4413,1655408705
r_4414,2592973545
r_4415,
r_4416,2593069911
r_4417,2592961264
r_4418,2593069925
r_4419,
r_4420,2774461076
r_4421,
r_4422,
r_4423,
r_4424,
r_4425,
r_4426,
r_4427,
r_4428,
r_4429,
r_4430,
r_4431,
r_4432,
r_4433,
r_4434,
r_4435,1569664360
r_4436,2592800079
r_4437,
r_4438,
r_4439,2592961230
r_4440,
r_4441,
r_4442,
r_4443,
r_4444,
r_4445,
r_4446,
r_4447,
r_4448,
r_4449,
r_4450,
r_4451,
r_4452,
r_4453,
r_4454,
r_4455,
r_4456,
r_4457,
r_4458,
r_4459,
r_4460,
r_4461,
r_4462,
r_4463,
r_4464,
r_4465,
r_4466,
r_4467,
r_4468,
r_4469,
r_4470,
r_4471,
r_4472,
r_4473,
r_4474,
r_4475,
r_4476,
r_4477,
r_4478,
r_4479,
r_4480,
r_4481,1737778106
r_4482,
r_4483,
r_4484,1569669283
r_4485,1569681451
r_4486,1569819164
r_4487,
r_4488,1569803230
r_4489,2592802512
r_4490,2592802595
r_4491,2592799073
r_4492,2592802512
r_4493,
r_4494,
r_4495,1561205415
r_4496,
r_4497,
r_4498,
r_4499,
r_4500,
r_4501,
r_4502,
r_4503,
r_4504,
r_4505,
r_4506,
r_4507,
r_4508,
r_4509,
r_4510,
r_4511,
r_4512,
r_4513,
r_4514,
r_4515,
r_4516,
r_4517,
r_4518,
r_4519,
r_4520,
r_4521,
r_4522,
r_4523,
r_4524,
r_4525,
r_4526,
r_4527,
r_4528,
r_4529,
r_4530,
r_4531,
r_4532,
r_4533,
r_4534,
r_4535,
r_4536,
r_4537,
r_4538,
r_4539,
r_4540,
r_4541,
r_4542,
r_4543,
r_4544,
r_4545,
r_4546,
r_4547,
r_4548,
r_4549,
r_4550,
r_4551,
r_4552,
r_4553,
r_4554,
r_4555,
r_4556,
r_4557,
r_4558,
r_4559,
r_4560,
r_4561,
r_4562,
r_4563,
r_4564,
r_4565,
r_4566,1569829303
r_4567,
r_4568,
r_4569,1570011347
r_4570,2592848919
r_4571,2774484424
r_4572,1569665041
r_4573,1569835432
r_4574,1569835411
r_4575,1569878511
r_4576,2592821808
r_4577,2774497215
r_4578,1569953328
r_4579,1569803102
r_4580,2592811709
r_4581,2849834979
r_4582,1569883392
r_4583,1569868654
r_4584,2774452187
r_4585,1569692329
r_4586,1737778994
r_4587,
r_4588,
r_4589,
r_4590,
r_4591,
r_4592,
r_4593,
r_4594,
r_4595,
r_4596,
r_4597,
r_4598,
r_4599,
r_4600,
r_4601,
r_4602,
r_4603,
r_4604,
r_4605,
r_4606,
r_4607,
r_4608,
r_4609,
r_4610,
r_4611,
r_4612,
r_4613,
r_4614,
r_4615,
r_4616,
r_4617,
r_4618,
r_4619,
r_4620,
r_4621,
r_4622,
r_4623,
r_4624,
r_4625,
r_4626,
r_4627,
r_4628,
