,fraction maximum yield,number of heterologous reactions,0,1,2,3,4,5,6,7,8,9
0,0.298507462686567,3,1 Ethanolamine + 1 Acetaldehyde <=> 1 Diethanolamine,1 Triethanolamine <=> 1 Acetaldehyde + 1 Diethanolamine,1 Ethanolamine <=> 1 Acetaldehyde + 1 Ammonia,,,,,,,
1,0.22988505747126428,3,1 H+ + 1 L-Serine <=> 1 CO2 + 1 Ethanolamine,1 Ethanolamine + 1 Acetaldehyde <=> 1 Diethanolamine,1 Triethanolamine <=> 1 Acetaldehyde + 1 Diethanolamine,,,,,,,
2,0.2343749999999999,3,1 Ethanolamine + 1 CO2 <=> 1 L-Serine,1 Ethanolamine + 1 Acetaldehyde <=> 1 Diethanolamine,1 Triethanolamine <=> 1 Acetaldehyde + 1 Diethanolamine,,,,,,,
3,0.1392111368909512,3,1 H2O + 1 sn-Glycero-3-phosphoethanolamine <=> 1 sn-Glycerol 3-phosphate + 1 Ethanolamine,1 Ethanolamine + 1 Acetaldehyde <=> 1 Diethanolamine,1 Triethanolamine <=> 1 Acetaldehyde + 1 Diethanolamine,,,,,,,
4,0.13605442176870744,3,1 H2O + 1 sn-Glycero-3-phosphoethanolamine <=> 1 H+ + 1 sn-Glycerol 3-phosphate + 1 Ethanolamine,1 Ethanolamine + 1 Acetaldehyde <=> 1 Diethanolamine,1 Triethanolamine <=> 1 Acetaldehyde + 1 Diethanolamine,,,,,,,
5,0.09999999999999996,4,"1 Phosphatidylethanolamine + 1 L-Serine <=> 1 Ethanolamine + 1 1,2-dipalmitoyl-phosphatidylserine","1 Phosphatidylethanolamine + 1 CO2 <=> 1 H+ + 1 1,2-dipalmitoyl-phosphatidylserine",1 Ethanolamine + 1 Acetaldehyde <=> 1 Diethanolamine,1 Triethanolamine <=> 1 Acetaldehyde + 1 Diethanolamine,,,,,,
6,0.10380622837370543,4,1 1-18:1-2-18:2-phosphatidylethanolamine + 1 L-Serine <=> 1 Ethanolamine + 1 1-18:1-2-18:2-phosphatidylserine,1 Ethanolamine + 1 Acetaldehyde <=> 1 Diethanolamine,1 Triethanolamine <=> 1 Acetaldehyde + 1 Diethanolamine,1 1-18:1-2-18:2-phosphatidylethanolamine + 1 CO2 <=> 1 1-18:1-2-18:2-phosphatidylserine,,,,,,
7,0.09999999999999996,4,"1 Phosphatidylethanolamine + 1 L-Serine <=> 1 Ethanolamine + 1 1,2-dipalmitoyl-phosphatidylserine",1 Ethanolamine + 1 Acetaldehyde <=> 1 Diethanolamine,1 Triethanolamine <=> 1 Acetaldehyde + 1 Diethanolamine,"1 Phosphatidylethanolamine + 1 CO2 <=> 1 1,2-dipalmitoyl-phosphatidylserine",,,,,,
8,0.09999999999999996,4,1 Aminoimidazole ribotide + 1 H2O + 1 NAD+ <=> 1 NADH + 2 Formate + 1 4-Amino-2-methyl-5-(phosphooxymethyl)pyrimidine,1 Ethanolamine + 1 Pyruvate <=> 1 L-Alanine + 1 Glycolaldehyde,1 Ethanolamine + 1 Acetaldehyde <=> 1 Diethanolamine,1 Triethanolamine <=> 1 Acetaldehyde + 1 Diethanolamine,,,,,,
9,0.14251781472684083,4,1 Aminoimidazole ribotide + 1 H2O <=> 2 Formate + 1 4-Amino-2-methyl-5-(phosphooxymethyl)pyrimidine,1 Ethanolamine + 1 Pyruvate <=> 1 L-Alanine + 1 Glycolaldehyde,1 Ethanolamine + 1 Acetaldehyde <=> 1 Diethanolamine,1 Triethanolamine <=> 1 Acetaldehyde + 1 Diethanolamine,,,,,,
0,0.4999999999999998,3,1 Ethanolamine + 1 Acetaldehyde <=> 1 Diethanolamine,1 Triethanolamine <=> 1 Acetaldehyde + 1 Diethanolamine,1 Ethanolamine <=> 1 Acetaldehyde + 1 Ammonia,,,,,,,
1,0.5181347150259065,3,1 H+ + 1 L-Serine <=> 1 CO2 + 1 Ethanolamine,1 Ethanolamine + 1 Acetaldehyde <=> 1 Diethanolamine,1 Triethanolamine <=> 1 Acetaldehyde + 1 Diethanolamine,,,,,,,
2,0.4999999999999998,3,1 Ethanolamine + 1 CO2 <=> 1 L-Serine,1 Ethanolamine + 1 Acetaldehyde <=> 1 Diethanolamine,1 Triethanolamine <=> 1 Acetaldehyde + 1 Diethanolamine,,,,,,,
3,0.5361862806796726,3,1 H2O + 1 sn-Glycero-3-phosphoethanolamine <=> 1 sn-Glycerol 3-phosphate + 1 Ethanolamine,1 Ethanolamine + 1 Acetaldehyde <=> 1 Diethanolamine,1 Triethanolamine <=> 1 Acetaldehyde + 1 Diethanolamine,,,,,,,
4,0.4999999999999998,3,1 H2O + 1 sn-Glycero-3-phosphoethanolamine <=> 1 H+ + 1 sn-Glycerol 3-phosphate + 1 Ethanolamine,1 Ethanolamine + 1 Acetaldehyde <=> 1 Diethanolamine,1 Triethanolamine <=> 1 Acetaldehyde + 1 Diethanolamine,,,,,,,
5,0.5885254580907466,4,1 Aminoimidazole ribotide + 1 H2O + 1 NAD+ <=> 1 NADH + 2 Formate + 1 4-Amino-2-methyl-5-(phosphooxymethyl)pyrimidine,1 H2O + 1 Ethanolamine + 1 Oxygen <=> 1 Hydrogen peroxide + 1 Glycolaldehyde + 1 Ammonia,1 Ethanolamine + 1 Acetaldehyde <=> 1 Diethanolamine,1 Triethanolamine <=> 1 Acetaldehyde + 1 Diethanolamine,,,,,,
6,0.4999999999999998,4,"1 Phosphatidylethanolamine + 1 L-Serine <=> 1 Ethanolamine + 1 1,2-dipalmitoyl-phosphatidylserine","1 Phosphatidylethanolamine + 1 CO2 <=> 1 H+ + 1 1,2-dipalmitoyl-phosphatidylserine",1 Ethanolamine + 1 Acetaldehyde <=> 1 Diethanolamine,1 Triethanolamine <=> 1 Acetaldehyde + 1 Diethanolamine,,,,,,
7,0.6666666666666657,4,1 Aminoimidazole ribotide + 1 H2O <=> 2 Formate + 4 H+ + 1 4-Amino-2-methyl-5-(phosphooxymethyl)pyrimidine,1 H2O + 1 Ethanolamine + 1 Oxygen <=> 1 Hydrogen peroxide + 1 Glycolaldehyde + 1 Ammonia,1 Ethanolamine + 1 Acetaldehyde <=> 1 Diethanolamine,1 Triethanolamine <=> 1 Acetaldehyde + 1 Diethanolamine,,,,,,
8,0.4999999999999998,4,1 Aminoimidazole ribotide + 1 H2O + 1 NAD+ <=> 1 NADH + 2 Formate + 3 H+ + 1 4-Amino-2-methyl-5-(phosphooxymethyl)pyrimidine,1 H2O + 1 Ethanolamine + 1 Oxygen <=> 1 Hydrogen peroxide + 1 Glycolaldehyde + 1 Ammonia,1 Ethanolamine + 1 Acetaldehyde <=> 1 Diethanolamine,1 Triethanolamine <=> 1 Acetaldehyde + 1 Diethanolamine,,,,,,
9,0.4999999999999998,4,1 1-18:1-2-18:2-phosphatidylethanolamine + 1 L-Serine <=> 1 Ethanolamine + 1 1-18:1-2-18:2-phosphatidylserine,1 Ethanolamine + 1 Acetaldehyde <=> 1 Diethanolamine,1 Triethanolamine <=> 1 Acetaldehyde + 1 Diethanolamine,1 1-18:1-2-18:2-phosphatidylethanolamine + 1 CO2 <=> 1 1-18:1-2-18:2-phosphatidylserine,,,,,,
0,0.9999999999999996,5,1 H2O + 1 Xanthine + 1 NADP+ <=> 1 NADPH + 1 Urate,1 Ethanolamine + 1 CO2 <=> 1 L-Serine,1 Xanthine + 1 2-Oxoglutarate + 1 Oxygen <=> 1 CO2 + 1 Succinate + 1 Urate,1 Ethanolamine + 1 Acetaldehyde <=> 1 Diethanolamine,1 Triethanolamine <=> 1 Acetaldehyde + 1 Diethanolamine,,,,,
1,0.9999999999999996,5,"1 Diacetyl + 2 H+ + 2 NADPH <=> 2 NADP+ + 1 (R,R)-Butane-2,3-diol",1 Ethanolamine + 1 CO2 <=> 1 L-Serine,1 Ethanolamine + 1 Acetaldehyde <=> 1 Diethanolamine,1 Triethanolamine <=> 1 Acetaldehyde + 1 Diethanolamine,2 Hypotaurine + 1 Oxygen <=> 2 Taurine,,,,,
2,0.9999999999999996,5,1 Ethanol + 1 Oxygen + 1 NADPH <=> 1 NADP+ + 1 Acetaldehyde + 2 H2O,1 Aminoimidazole ribotide + 1 H2O <=> 2 Formate + 1 4-Amino-2-methyl-5-(phosphooxymethyl)pyrimidine,1 H2O + 1 Ethanolamine + 1 Oxygen <=> 1 Hydrogen peroxide + 1 Glycolaldehyde + 1 Ammonia,1 Ethanolamine + 1 Acetaldehyde <=> 1 Diethanolamine,1 Triethanolamine <=> 1 Acetaldehyde + 1 Diethanolamine,,,,,
3,0.9999999999999996,5,1 Ethanol + 1 H+ + 1 Oxygen + 1 NADPH <=> 1 NADP+ + 1 Acetaldehyde + 2 H2O,1 Aminoimidazole ribotide + 1 H2O <=> 2 Formate + 1 4-Amino-2-methyl-5-(phosphooxymethyl)pyrimidine,1 H2O + 1 Ethanolamine + 1 Oxygen <=> 1 Hydrogen peroxide + 1 Glycolaldehyde + 1 Ammonia,1 Ethanolamine + 1 Acetaldehyde <=> 1 Diethanolamine,1 Triethanolamine <=> 1 Acetaldehyde + 1 Diethanolamine,,,,,
4,0.9999999999999996,5,"1 cis-3,4-Leucopelargonidin + 1 NADP+ <=> 1 NADPH + 1 H+ + 1 Dihydrokaempferol","1 cis-3,4-Leucopelargonidin + 1 2-Oxoglutarate + 1 Oxygen <=> 1 CO2 + 1 Succinate + 1 Dihydrokaempferol + 1 H2O",1 Ethanolamine + 1 CO2 <=> 1 L-Serine,1 Ethanolamine + 1 Acetaldehyde <=> 1 Diethanolamine,1 Triethanolamine <=> 1 Acetaldehyde + 1 Diethanolamine,,,,,
5,0.9999999999999996,5,1 H+ + 1 L-Serine <=> 1 CO2 + 1 Ethanolamine,1 H+ + 1 Glyoxylate + 1 2-Oxoglutarate <=> 1 CO2 + 1 2-Hydroxy-3-oxoadipate,1 2-Hydroxy-3-oxoadipate + 1 Oxygen <=> 1 CO2 + 1 2-Oxoglutarate + 1 H2O,1 Ethanolamine + 1 Acetaldehyde <=> 1 Diethanolamine,1 Triethanolamine <=> 1 Acetaldehyde + 1 Diethanolamine,,,,,
6,0.9999999999999996,5,1 H2O + 1 10-Formyltetrahydrofolate + 1 NADP+ <=> 1 NADPH + 1 CO2 + 1 H+ + 1 Tetrahydrofolate,1 Ethanol + 1 Oxygen + 1 NADPH <=> 1 NADP+ + 1 Acetaldehyde + 2 H2O,1 Ethanolamine + 1 Acetaldehyde <=> 1 Diethanolamine,1 Triethanolamine <=> 1 Acetaldehyde + 1 Diethanolamine,1 Ethanolamine <=> 1 Acetaldehyde + 1 Ammonia,,,,,
7,0.9999999999999996,5,1 H+ + 1 L-Serine <=> 1 CO2 + 1 Ethanolamine,1 2-Hydroxy-3-oxoadipate + 1 CO2 <=> 1 2-Oxoglutarate + 1 Glyoxylate,1 2-Hydroxy-3-oxoadipate + 1 Oxygen <=> 1 CO2 + 1 2-Oxoglutarate + 1 H2O,1 Ethanolamine + 1 Acetaldehyde <=> 1 Diethanolamine,1 Triethanolamine <=> 1 Acetaldehyde + 1 Diethanolamine,,,,,
8,0.9999999999999996,5,1 Leucocyanidin + 1 NADP+ <=> 1 NADPH + 1 H+ + 1 Taxifolin,1 Leucocyanidin + 1 2-Oxoglutarate + 1 Oxygen <=> 1 CO2 + 1 Succinate + 1 H2O + 1 Taxifolin,1 Ethanolamine + 1 CO2 <=> 1 L-Serine,1 Ethanolamine + 1 Acetaldehyde <=> 1 Diethanolamine,1 Triethanolamine <=> 1 Acetaldehyde + 1 Diethanolamine,,,,,
9,0.9999999999999996,5,1 H2O + 1 Xanthine + 1 NADP+ <=> 1 NADPH + 1 Urate,1 Xanthine + 1 2-Oxoglutarate + 1 Oxygen <=> 1 CO2 + 1 Succinate + 1 Urate,1 Ethanolamine + 1 Acetaldehyde <=> 1 Diethanolamine,1 Triethanolamine <=> 1 Acetaldehyde + 1 Diethanolamine,1 Ethanolamine <=> 1 Acetaldehyde + 1 Ammonia,,,,,
