,rel_prod_flux,hetero_length,reactions
0,1.0,5,"['reaction_163', 'reaction_3716', 'reaction_4576', 'reaction_5605', 'reaction_5606']"
1,1.0,5,"['reaction_635', 'reaction_3716', 'reaction_5605', 'reaction_5606', 'reaction_6242']"
2,1.0,5,"['reaction_786', 'reaction_3507', 'reaction_3606', 'reaction_5605', 'reaction_5606']"
3,1.0,5,"['reaction_175', 'reaction_3507', 'reaction_3606', 'reaction_5605', 'reaction_5606']"
4,1.0,5,"['reaction_434', 'reaction_2169', 'reaction_3716', 'reaction_5605', 'reaction_5606']"
5,1.0,5,"['reaction_3717', 'reaction_4259', 'reaction_4862', 'reaction_5605', 'reaction_5606']"
6,1.0,5,"['reaction_366', 'reaction_786', 'reaction_5605', 'reaction_5606', 'reaction_6259']"
7,1.0,5,"['reaction_3717', 'reaction_4747', 'reaction_4862', 'reaction_5605', 'reaction_5606']"
8,1.0,5,"['reaction_449', 'reaction_2167', 'reaction_3716', 'reaction_5605', 'reaction_5606']"
9,1.0,5,"['reaction_163', 'reaction_4576', 'reaction_5605', 'reaction_5606', 'reaction_6259']"
