,rel_prod_flux,hetero_length,reactions
0,0.29850746268656714,3,"['reaction_5605', 'reaction_5606', 'reaction_6259']"
1,0.2298850574712644,3,"['reaction_3717', 'reaction_5605', 'reaction_5606']"
2,0.234375,3,"['reaction_3716', 'reaction_5605', 'reaction_5606']"
3,0.13921113689095124,3,"['reaction_3479', 'reaction_5605', 'reaction_5606']"
4,0.1360544217687075,3,"['reaction_2489', 'reaction_5605', 'reaction_5606']"
5,0.1,4,"['reaction_3719', 'reaction_5579', 'reaction_5605', 'reaction_5606']"
6,0.10380622837370547,4,"['reaction_3718', 'reaction_5605', 'reaction_5606', 'reaction_6408']"
7,0.1,4,"['reaction_3719', 'reaction_5605', 'reaction_5606', 'reaction_6349']"
8,0.1,4,"['reaction_3265', 'reaction_4661', 'reaction_5605', 'reaction_5606']"
9,0.14251781472684089,4,"['reaction_3507', 'reaction_4661', 'reaction_5605', 'reaction_5606']"
