,rel_prod_flux,hetero_length,reactions
0,0.5,3,"['reaction_5605', 'reaction_5606', 'reaction_6259']"
1,0.5181347150259067,3,"['reaction_3717', 'reaction_5605', 'reaction_5606']"
2,0.5,3,"['reaction_3716', 'reaction_5605', 'reaction_5606']"
3,0.5361862806796728,3,"['reaction_3479', 'reaction_5605', 'reaction_5606']"
4,0.5,3,"['reaction_2489', 'reaction_5605', 'reaction_5606']"
5,0.5885254580907469,4,"['reaction_3265', 'reaction_3606', 'reaction_5605', 'reaction_5606']"
6,0.5,4,"['reaction_3719', 'reaction_5579', 'reaction_5605', 'reaction_5606']"
7,0.6666666666666661,4,"['reaction_2520', 'reaction_3606', 'reaction_5605', 'reaction_5606']"
8,0.5,4,"['reaction_2483', 'reaction_3606', 'reaction_5605', 'reaction_5606']"
9,0.5,4,"['reaction_3718', 'reaction_5605', 'reaction_5606', 'reaction_6408']"
